"","screenName","location","latitude","longitude","state"
"5","QuantumRebirth","digital nomad",33.5661227,-84.5846142,"Georgia"
"6","vitoriaposselt","RO/AM",37.78768,-122.433873,"California"
"8","famfightflu","Arlington, VA",38.8816208,-77.0909809,"Virginia"
"11","MJtaughtYou","Sunshine State <U+2600>",27.6648274,-81.5157535,"Florida"
"21","ClanH1N1","YouTube",36.1353638,-95.9893257,"Oklahoma"
"35","pacifycim","LOX ",42.054084,-73.956754,"New York"
"40","gphabuzz","Atlanta, GA",33.7489954,-84.3879824,"Georgia"
"48","conner_junior","Knoxville, IA",41.320343,-93.09967,"Iowa"
"51","Robin_Fussell","Huntsville, AL",34.7303688,-86.5861037,"Alabama"
"52","percyw4it","Camp Half-Blood",33.9431463,-84.2152691,"Georgia"
"71","InfectDisNews","Thorofare, NJ",39.8422093,-75.1969346,"New Jersey"
"73","unfwithful","spellman mortuary",44.9555114,-93.1145219,"Minnesota"
"74","VFM_Radio","Florida, USA",27.6648274,-81.5157535,"Florida"
"80","Boughttat","Nerdvana",33.1523022,-96.8363665,"Texas"
"92","Customary_Z7","SE Idaho",44.0682019,-114.7420408,"Idaho"
"100","FluTrackers","International Website",34.749056,-92.2806358,"Arkansas"
"109","LinsJoao85","Terra 2",41.2525048,-95.9458702,"Nebraska"
"115","LauraWi32702281","Washington, USA",47.7510741,-120.7401385,"Washington"
"125","BenjaminHCCarr","New York",40.7127753,-74.0059728,"New York"
"138","vane_vlzqz","Asteroid B-612",37.905661,-122.546595,"California"
"144","_APCI","Bessemer, AL",33.4017766,-86.954437,"Alabama"
"182","laumiglioli","Gotham",36.1625056,-95.9988423,"Oklahoma"
"187","gutojrr","In The Dark",36.1193844,-115.1904612,"Nevada"
"215","MikeThatsWho1","PNW",46.60281,-120.4558567,"Washington"
"227","hoesunsetz","br",36.3003274,-95.62532,"Oklahoma"
"228","Ericvas13","Peoria, Arizona via New York",33.5525917,-112.2582867,"Arizona"
"229","DrSamuelBrown","The West",36.6373775,-95.1507014,"Oklahoma"
"239","Bebox64","Scranton, PA",41.408969,-75.6624122,"Pennsylvania"
"245","pediacast","Nationwide Children's Hospital",39.953127,-82.979489,"Ohio"
"252","ProMED_PORT","mundial",34.1465266,-118.0008281,"California"
"267","peixinh_o","Winterfell",39.9562296,-75.2023233,"Pennsylvania"
"271","yasminsouza_","Los Angeles, CA",34.0522342,-118.2436849,"California"
"276","AlmightyKwon","Panama City, FL",30.1588129,-85.6602058,"Florida"
"284","incestisid","Terra",40.7192036,-74.0065494,"New York"
"318","poandpo","World",36.7491737,-95.972262,"Oklahoma"
"346","fly3moon","092",39.0080755,-94.2699061,"Missouri"
"350","H1N1_Briel","Heaven",37.0326709,-95.6235557,"Kansas"
"375","PoncaWarrior","Winfield, KS",37.2397486,-96.9955918,"Kansas"
"385","lifeizcrool","inglewood graveyard.",33.970889,-118.343547,"California"
"390","_medjournal","Las Vegas",36.1699412,-115.1398296,"Nevada"
"403","MzSailiante","Mobile, AL",30.6953657,-88.0398912,"Alabama"
"410","udarnik","Northern Hemisphere",43.214231,-77.438898,"New York"
"413","gabccampos","Nárnia",39.5156627,-77.0732748,"Maryland"
"414","CardiffGiants","New York, NY",40.7127753,-74.0059728,"New York"
"418","joannawllck","winterfell",39.9562296,-75.2023233,"Pennsylvania"
"424","SeanGotGjally","hell",42.43472,-83.985,"Michigan"
"427","medicinebyhim","marry",36.7071141,-97.0665246,"Oklahoma"
"436","LeavittAlone","NYC",40.7127753,-74.0059728,"New York"
"453","Larii_DM","Bra",36.1315261,-95.9650117,"Oklahoma"
"480","stevieschild","Transilvânia",35.2190534,-82.7778579,"North Carolina"
"495","CSISpecialty","Sanford, FL",28.8028612,-81.269453,"Florida"
"499","morralori","upside down",45.499473,-122.653932,"Oregon"
"526","DutyOfAPatriot","Green Dragon, Boston",42.361437,-71.05679,"Massachusetts"
"574","FluNearYou","Boston, Massachusetts",42.3600825,-71.0588801,"Massachusetts"
"583","Deh_vercosa","Earth",37.2321077,-95.7243335,"Kansas"
"592","riotmore_","br",36.3003274,-95.62532,"Oklahoma"
"628","Jdre08","National Capital Region",39.1289725,-77.3783789,"Maryland"
"642","anagabrielabaii","mendes ",40.7608371,-73.9839289,"New York"
"691","mggrammy","southern Illinois",37.7100209,-89.2225941,"Illinois"
"714","improvised__","Richmond, VA",37.5407246,-77.4360481,"Virginia"
"718","WxOneNews","Charlotte, NC",35.2270869,-80.8431267,"North Carolina"
"723","FayCortez","Minneapolis",44.977753,-93.2650108,"Minnesota"
"730","HotpageNews","Boston",42.3600825,-71.0588801,"Massachusetts"
"744","brenalbuquerque","Beacon Hills",42.3587999,-71.0707389,"Massachusetts"
"752","danwolfe_me","USA / Canada",37.1077049,-95.4568133,"Kansas"
"756","HelenBranswell","Boston, MA",42.3600825,-71.0588801,"Massachusetts"
"757","GrandmasterLMT","Parsippany Medical Complex",40.876952,-74.443347,"New Jersey"
"789","olafblnd","na sua",40.706877,-74.0112654,"New York"
"799","xilinbilly","dead",40.7032966,-74.0110309,"New York"
"816","fuseonf","<U+0001D668><U+0001D66C><U+0001D65E><U+0001D663><U+0001D65C>",47.0406319,-122.9025621,"Washington"
"830","STS_CTsurgery","Chicago, IL USA",41.8781136,-87.6297982,"Illinois"
"833","shanentice","raj",37.1281873,-94.4789595,"Missouri"
"847","newssummeduphq","San Francisco, CA",37.7749295,-122.4194155,"California"
"856","LocumsInc","Georgia, USA",32.1656221,-82.9000751,"Georgia"
"905","ShohamTxID","Baltimore, MD",39.2903848,-76.6121893,"Maryland"
"918","cluhp","092",39.0080755,-94.2699061,"Missouri"
"925","svtfavies","https://kyung-so.tumblr.com",34.0607645,-118.3016812,"California"
"936","ReginaPhelps","San Francisco, CA",37.7749295,-122.4194155,"California"
"939","PoetryAlive","Asheville, NC",35.5950581,-82.5514869,"North Carolina"
"952","HelenAnn16","Virginia, USA",37.4315734,-78.6568942,"Virginia"
"962","LJLMD","Nashville, TN",36.1626638,-86.7816016,"Tennessee"
"969","connors_md","Brigham and Women's Hospital, Dana Farber Cancer Institute, BOSTON",42.1330283,-71.5300405,"Massachusetts"
"984","Ryan_Mac_Phd","Chapel Hill, NC",35.9131996,-79.0558445,"North Carolina"
"990","4Deplorables","Traveling the USA+",43.2136626,-77.439723,"New York"
"1019","Iamchronicpain","Colorado, USA",39.5500507,-105.7820674,"Colorado"
"1025","Newmillz","Las Vegas, NV",36.1699412,-115.1398296,"Nevada"
"1027","DelthiaRicks","New York",40.7127753,-74.0059728,"New York"
"1034","lahealthequity","Baton Rouge, LA",30.4514677,-91.1871466,"Louisiana"
"1036","Starshadw","In the Dreaming",47.667344,-122.3127747,"Washington"
"1043","DudaPJ","092",39.0080755,-94.2699061,"Missouri"
"1045","borboIeta","hogwarts",28.4722475,-81.4736377,"Florida"
"1048","DrIanWeissman","Milwaukee, WI",43.0389025,-87.9064736,"Wisconsin"
"1049","EC_Carstens","Columbus, Georgia",32.4609764,-84.9877094,"Georgia"
"1050","IllinoisRx","Illinois, USA",40.6331249,-89.3985283,"Illinois"
"1051","mitdoc","Roanoke, VA",37.2709704,-79.9414266,"Virginia"
"1053","WoodardHortense","anywhere USA",39.9856733,-75.3136357,"Pennsylvania"
"1058","I_M_VeerBhadra","Reality",37.032872,-95.6318183,"Kansas"
"1064","mikamala","Seattle, WA",47.6062095,-122.3320708,"Washington"
"1065","phgl","Strawberry Fields",40.7757506,-73.9752147,"New York"
"1067","MeliszahSez","California City, California",35.125801,-117.9859038,"California"
"1068","drjewilliams","Sarasota, FL",27.3364347,-82.5306527,"Florida"
"1069","MonifaThomas1","Dallas, TX",32.7766642,-96.7969879,"Texas"
"1081","bangtanytime","<U+300C>yoonminjin <U+2661> afnj <U+2661> books<U+300D>",40.0583238,-74.4056612,"New Jersey"
"1084","DeidreEversull","Los Osos, CA",35.3072291,-120.8384093,"California"
"1087","AlexMars23","Manchester, NH",42.9956397,-71.4547891,"New Hampshire"
"1096","INgoatqueen","Oklahoma, USA",35.0077519,-97.092877,"Oklahoma"
"1118","dRxuggist","Cleveland, OH",41.49932,-81.6943605,"Ohio"
"1119","BertrandSandjo2","Lubbock, TX",33.5778631,-101.8551665,"Texas"
